{"cameraMode":{"drawMode":0,"name":"Shaded","section":"Shading Mode"},"sceneLighting":true,"audioPlay":false,"sceneViewState":{"showFog":true,"showMaterialUpdate":false,"showSkybox":true,"showFlares":true,"showImageEffects":true,"showParticleSystems":true,"showVisualEffectGraphs":true,"m_FxEnabled":true},"in2DMode":false,"pivot":{"x":-27.03585433959961,"y":0.44594642519950869,"z":164.0059814453125},"rotation":{"x":-0.021885279566049577,"y":-0.02019909955561161,"z":0.0009724526898935437,"w":-0.9998893737792969},"size":37.369346618652347,"orthographic":false}