{"cameraMode":{"drawMode":0,"name":"Shaded","section":"Shading Mode"},"sceneLighting":true,"audioPlay":false,"sceneViewState":{"showFog":true,"showMaterialUpdate":false,"showSkybox":true,"showFlares":true,"showImageEffects":true,"showParticleSystems":true,"showVisualEffectGraphs":true,"m_FxEnabled":true},"in2DMode":false,"pivot":{"x":-0.5353131294250488,"y":37.41282653808594,"z":130.81723022460938},"rotation":{"x":0.005844906438142061,"y":-0.9304099678993225,"z":0.3662278354167938,"w":0.014798599295318127},"size":0.8517186045646668,"orthographic":false}