{"cameraMode":{"drawMode":0,"name":"Shaded","section":"Shading Mode"},"sceneLighting":true,"audioPlay":false,"sceneViewState":{"showFog":true,"showMaterialUpdate":false,"showSkybox":true,"showFlares":true,"showImageEffects":true,"showParticleSystems":true,"showVisualEffectGraphs":true,"m_FxEnabled":true},"in2DMode":false,"pivot":{"x":3.7378571033477785,"y":2.2232067584991457,"z":1.3114954233169556},"rotation":{"x":0.07137526571750641,"y":-0.013859640806913376,"z":0.00005228036752669141,"w":0.9978496432304382},"size":10.61048698425293,"orthographic":false}