{"cameraMode":{"drawMode":0,"name":"Shaded","section":"Shading Mode"},"sceneLighting":true,"audioPlay":false,"sceneViewState":{"showFog":true,"showMaterialUpdate":false,"showSkybox":true,"showFlares":true,"showImageEffects":true,"showParticleSystems":true,"showVisualEffectGraphs":true,"m_FxEnabled":true},"in2DMode":false,"pivot":{"x":0.5931988954544067,"y":4.149243354797363,"z":118.48111724853516},"rotation":{"x":-0.0029585117008537056,"y":0.9969545006752014,"z":-0.035274289548397067,"w":-0.0742705687880516},"size":0.05093836784362793,"orthographic":false}