{"cameraMode":{"drawMode":0,"name":"Shaded","section":"Shading Mode"},"sceneLighting":true,"audioPlay":false,"sceneViewState":{"showFog":true,"showMaterialUpdate":false,"showSkybox":true,"showFlares":true,"showImageEffects":true,"showParticleSystems":true,"showVisualEffectGraphs":true,"m_FxEnabled":true},"in2DMode":false,"pivot":{"x":-1.1383557319641114,"y":-16.84342384338379,"z":76.39564514160156},"rotation":{"x":-0.31325843930244448,"y":0.037310075014829639,"z":-0.012236043810844422,"w":-0.9487941265106201},"size":71.55868530273438,"orthographic":false}