{"cameraMode":{"drawMode":0,"name":"Shaded","section":"Shading Mode"},"sceneLighting":false,"audioPlay":false,"sceneViewState":{"showFog":true,"showMaterialUpdate":false,"showSkybox":false,"showFlares":true,"showImageEffects":true,"showParticleSystems":true,"showVisualEffectGraphs":true,"m_FxEnabled":true},"in2DMode":false,"pivot":{"x":-0.036004066467285159,"y":-0.11684048175811768,"z":0.14281228184700013},"rotation":{"x":-0.1432826966047287,"y":-0.6834223866462708,"z":0.13946913182735444,"w":-0.7021207809448242},"size":1.4449489116668702,"orthographic":false}